name,producer,type,country,region,vintage,bottles,status,storage,duty_status,drink_window,roi_pct,case_value_gbp,description
"Cervaro della Sala, Antinori",Antinori,Still White,Italy,Umbria,2019,12,In Stock,NEXUS (LCB Dinton),In Bond,,32.57,349.98,"Cervaro della Sala, Antinori 2019 is a still white from Antinori in Umbria, Italy. ABV 13.00%. Holding 12 bottles (75cl) in stock. Current status: In Stock. Stored at NEXUS (LCB Dinton), In Bond. Bought from Berkmann at £264 per case. Current case value £349.98, ROI 32.57%."
"Cervaro della Sala, Antinori",Antinori,Still White,Italy,Umbria,2019,6,In Stock,NEXUS (LCB Dinton),In Bond,,32.57,349.98,"Cervaro della Sala, Antinori 2019 is a still white from Antinori in Umbria, Italy. ABV 13.00%. Holding 6 bottles (75cl) in stock. Current status: In Stock. Stored at NEXUS (LCB Dinton), In Bond. Bought from Berkmann at £264 per case. Current case value £349.98, ROI 32.57%."
"Cervaro della Sala, Antinori",Antinori,Still White,Italy,Umbria,2021,12,In Stock,NEXUS (LCB Dinton),In Bond,,60.98,424.98,"Cervaro della Sala, Antinori 2021 is a still white from Antinori in Umbria, Italy. ABV 12.50%. Holding 12 bottles (75cl) in stock. Current status: In Stock. Stored at NEXUS (LCB Dinton), In Bond. Bought from Berkmann at £264 per case. Current case value £424.98, ROI 60.98%."
"Cervaro della Sala, Antinori",Antinori,Still White,Italy,Umbria,2023,12,Due In,NEXUS (LCB Dinton),In Bond,,13.29,285.48,"Cervaro della Sala, Antinori 2023 is a still white from Antinori in Umbria, Italy. ABV 13.00%. Holding 12 bottles (75cl) in stock. Current status: Due In. Stored at NEXUS (LCB Dinton), In Bond. Bought from Berkmann at £252 per case. Current case value £285.48, ROI 13.29%."
"Tignanello, Toscana, Antinori",Antinori,Still Red,Italy,Toscana,2015,6,In Stock,NEXUS (LCB Dinton),Duty Paid,,20.00,720.00,"Tignanello, Toscana, Antinori 2015 is a still red from Antinori in Toscana, Italy. ABV 14.00%. Holding 6 bottles (75cl) in stock. Current status: In Stock. Stored at NEXUS (LCB Dinton), Duty Paid. Bought from Sterling Fine Wines at £600 per case. Current case value £720.00, ROI 20.00%."
"Tignanello, Toscana, Antinori",Antinori,Still Red,Italy,Toscana,2016,1,In Stock,NEXUS (LCB Dinton),In Bond,,104.72,272.17,"Tignanello, Toscana, Antinori 2016 is a still red from Antinori in Toscana, Italy. ABV 14.00%. Holding 1 bottle (150cl) in stock. Current status: In Stock. Stored at NEXUS (LCB Dinton), In Bond. Bought from Sterling Fine Wines at £132.95 per case. Current case value £272.17, ROI 104.72%."
"Tignanello, Toscana, Antinori",Antinori,Still Red,Italy,Toscana,2021,30,Delivered,NEXUS (LCB Dinton),In Bond,,17.89,580.02,"Tignanello, Toscana, Antinori 2021 is a still red from Antinori in Toscana, Italy. ABV 14.50%. Holding 30 bottles (75cl) in stock. Current status: Delivered. Stored at NEXUS (LCB Dinton), In Bond. Bought from Berkmann at £492 per case. Current case value £580.02, ROI 17.89%."
"Tignanello, Toscana, Antinori",Antinori,Still Red,Italy,Toscana,2021,210,In Stock,NEXUS (LCB Dinton),In Bond,,17.89,580.02,"Tignanello, Toscana, Antinori 2021 is a still red from Antinori in Toscana, Italy. ABV 14.50%. Holding 210 bottles (75cl) in stock. Current status: In Stock. Stored at NEXUS (LCB Dinton), In Bond. Bought from Berkmann at £492 per case. Current case value £580.02, ROI 17.89%."
"Tignanello, Toscana, Antinori",Antinori,Still Red,Italy,Toscana,2021,12,In Stock,NEXUS (LCB Dinton),In Bond,,21.49,222.33,"Tignanello, Toscana, Antinori 2021 is a still red from Antinori in Toscana, Italy. ABV 14.50%. Holding 12 bottles (150cl) in stock. Current status: In Stock. Stored at NEXUS (LCB Dinton), In Bond. Bought from Berkmann at £183 per case. Current case value £222.33, ROI 21.49%."
"Tignanello, Toscana, Antinori",Antinori,Still Red,Italy,Toscana,2023,30,Delivered,NEXUS (LCB Dinton),In Bond,,19.20,565.02,"Tignanello, Toscana, Antinori 2023 is a still red from Antinori in Toscana, Italy. ABV 14.50%. Holding 30 bottles (75cl) in stock. Current status: Delivered. Stored at NEXUS (LCB Dinton), In Bond. Bought from Berkmann at £474 per case. Current case value £565.02, ROI 19.20%."
"Tignanello, Toscana, Antinori",Antinori,Still Red,Italy,Toscana,2023,90,In Stock,NEXUS (LCB Dinton),In Bond,,19.20,565.02,"Tignanello, Toscana, Antinori 2023 is a still red from Antinori in Toscana, Italy. ABV 14.50%. Holding 90 bottles (75cl) in stock. Current status: In Stock. Stored at NEXUS (LCB Dinton), In Bond. Bought from Berkmann at £474 per case. Current case value £565.02, ROI 19.20%."
"Meursault, Les Tillets, Bernard-Bonin",Bernard-Bonin,Still White,France,Meursault,2021,4,Due In,NEXUS (LCB Dinton),In Bond,,11.77,1656.48,"Meursault, Les Tillets, Bernard-Bonin 2021 is a still white from Bernard-Bonin in Meursault, France. Holding 4 bottles (75cl) in stock. Current status: Due In. Stored at NEXUS (LCB Dinton), In Bond. Bought from Berkmann at £1482 per case. Current case value £1656.48, ROI 11.77%."
"Meursault, 1er Cru, Clos Richemont, Domaine Henri Boillot",Domaine Henri Boillot,Still White,France,Meursault,2023,4,Due In,NEXUS (LCB Dinton),In Bond,,-9.60,640.02,"Meursault, 1er Cru, Clos Richemont, Domaine Henri Boillot 2023 is a still white from Domaine Henri Boillot in Meursault, France. ABV 14.00%. Holding 4 bottles (75cl) in stock. Current status: Due In. Stored at NEXUS (LCB Dinton), In Bond. Bought from Berkmann at £708 per case. Current case value £640.02, ROI -9.60%."
"Ch Brane-Cantenac, Margaux",Ch Brane Cantenac,Still Red,France,Margaux,2016,12,In Stock,NEXUS (LCB Dinton),In Bond,,15.23,612.96,"Ch Brane-Cantenac, Margaux 2016 is a still red from Ch Brane Cantenac in Margaux, France. ABV 13.50%. Holding 12 bottles (75cl) in stock. Current status: In Stock. Stored at NEXUS (LCB Dinton), In Bond. Bought from Sterling Fine Wines at £531.95 per case. Current case value £612.96, ROI 15.23%."
"Bramìto Chardonnay, Castello della Sala",Castello della Sala,Still White,Italy,Umbria,2024,84,Due In,NEXUS (LCB Dinton),In Bond,,30.12,97.98,"Bramìto Chardonnay, Castello della Sala 2024 is a still white from Castello della Sala in Umbria, Italy. ABV 12.50%. Holding 84 bottles (75cl) in stock. Current status: Due In. Stored at NEXUS (LCB Dinton), In Bond. Bought from Berkmann at £75.3 per case. Current case value £97.98, ROI 30.12%."
"Saint-Aubin, En Montceau, 1er Cru, Colin (Marc)",Colin (Marc),Still White,France,Saint-Aubin,2018,6,In Stock,NEXUS (LCB Dinton),In Bond,,42.01,240.00,"Saint-Aubin, En Montceau, 1er Cru, Colin (Marc) 2018 is a still white from Colin (Marc) in Saint-Aubin, France. ABV 13.50%. Holding 6 bottles (75cl) in stock. Current status: In Stock. Stored at NEXUS (LCB Dinton), In Bond. Bought from Sterling Fine Wines at £169 per case. Current case value £240.00, ROI 42.01%."
"Ch Les Cruzelles, Lalande de Pomerol",Ch Les Cruzelles,Still Red,France,Lalande de Pomerol,2019,6,In Stock,NEXUS (LCB Dinton),In Bond,,27.51,107.52,"Ch Les Cruzelles, Lalande de Pomerol 2019 is a still red from Ch Les Cruzelles in Lalande de Pomerol, France. ABV 14.50%. Holding 6 bottles (75cl) in stock. Current status: In Stock. Stored at NEXUS (LCB Dinton), In Bond. Bought from Sterling Fine Wines at £84.32 per case. Current case value £107.52, ROI 27.51%."
"Ch Les Cruzelles, Lalande de Pomerol",Ch Les Cruzelles,Still Red,France,Lalande de Pomerol,2019,3,In Stock,NEXUS (LCB Dinton),In Bond,,20.34,107.49,"Ch Les Cruzelles, Lalande de Pomerol 2019 is a still red from Ch Les Cruzelles in Lalande de Pomerol, France. ABV 14.50%. Holding 3 bottles (150cl) in stock. Current status: In Stock. Stored at NEXUS (LCB Dinton), In Bond. Bought from Sterling Fine Wines at £89.32 per case. Current case value £107.49, ROI 20.34%."
"Diamond Creek Cabernet Sauvignon, Gravelly Meadow, Napa Valley",Diamond Creek,Still Red,USA,Napa Valley,2019,1,In Stock,NEXUS (LCB Dinton),In Bond,,9.63,197.33,"Diamond Creek Cabernet Sauvignon, Gravelly Meadow, Napa Valley 2019 is a still red from Diamond Creek in Napa Valley, USA. ABV 14.00%. Holding 1 bottle (75cl) in stock. Current status: In Stock. Stored at NEXUS (LCB Dinton), In Bond. Bought from Sterling Fine Wines at £180 per case. Current case value £197.33, ROI 9.63%."
"Dominus, Napa Valley, Dominus Estate",Dominus Estate,Still Red,USA,Napa Valley,2004,6,Due In,NEXUS (LCB Dinton),In Bond,,28.21,1050.00,"Dominus, Napa Valley, Dominus Estate 2004 is a still red from Dominus Estate in Napa Valley, USA. ABV 14.00%. Holding 6 bottles (75cl) in stock. Current status: Due In. Stored at NEXUS (LCB Dinton), In Bond. Bought from C & B at £819 per case. Current case value £1050.00, ROI 28.21%."
"Dominus, Napa Valley, Dominus Estate",Dominus Estate,Still Red,USA,Napa Valley,2005,36,Due In,NEXUS (LCB Dinton),In Bond,,9.89,1150.02,"Dominus, Napa Valley, Dominus Estate 2005 is a still red from Dominus Estate in Napa Valley, USA. ABV 15.00%. Holding 36 bottles (75cl) in stock. Current status: Due In. Stored at NEXUS (LCB Dinton), In Bond. Bought from C & B at £1046.5 per case. Current case value £1150.02, ROI 9.89%."
"Dominus, Napa Valley, Dominus Estate",Dominus Estate,Still Red,USA,Napa Valley,2006,12,Due In,NEXUS (LCB Dinton),In Bond,,9.31,945.00,"Dominus, Napa Valley, Dominus Estate 2006 is a still red from Dominus Estate in Napa Valley, USA. ABV 15.00%. Holding 12 bottles (75cl) in stock. Current status: Due In. Stored at NEXUS (LCB Dinton), In Bond. Bought from C & B at £864.5 per case. Current case value £945.00, ROI 9.31%."
"Dominus, Napa Valley, Dominus Estate",Dominus Estate,Still Red,USA,Napa Valley,2007,12,Due In,NEXUS (LCB Dinton),In Bond,,13.09,1234.98,"Dominus, Napa Valley, Dominus Estate 2007 is a still red from Dominus Estate in Napa Valley, USA. ABV 14.00%. Holding 12 bottles (75cl) in stock. Current status: Due In. Stored at NEXUS (LCB Dinton), In Bond. Bought from L & W at £1092 per case. Current case value £1234.98, ROI 13.09%."
"Dominus, Napa Valley, Dominus Estate",Dominus Estate,Still Red,USA,Napa Valley,2007,12,Due In,NEXUS (LCB Dinton),In Bond,,13.09,1234.98,"Dominus, Napa Valley, Dominus Estate 2007 is a still red from Dominus Estate in Napa Valley, USA. ABV 14.00%. Holding 12 bottles (75cl) in stock. Current status: Due In. Stored at NEXUS (LCB Dinton), In Bond. Bought from C & B at £1092 per case. Current case value £1234.98, ROI 13.09%."
"Dominus, Napa Valley, Dominus Estate",Dominus Estate,Still Red,USA,Napa Valley,2008,6,Due In,NEXUS (LCB Dinton),In Bond,,9.89,1150.02,"Dominus, Napa Valley, Dominus Estate 2008 is a still red from Dominus Estate in Napa Valley, USA. ABV 15.00%. Holding 6 bottles (75cl) in stock. Current status: Due In. Stored at NEXUS (LCB Dinton), In Bond. Bought from L & W at £1046.5 per case. Current case value £1150.02, ROI 9.89%."
"Dominus, Napa Valley, Dominus Estate",Dominus Estate,Still Red,USA,Napa Valley,2008,6,Due In,NEXUS (LCB Dinton),In Bond,,9.89,1150.02,"Dominus, Napa Valley, Dominus Estate 2008 is a still red from Dominus Estate in Napa Valley, USA. ABV 15.00%. Holding 6 bottles (75cl) in stock. Current status: Due In. Stored at NEXUS (LCB Dinton), In Bond. Bought from C & B at £1046.5 per case. Current case value £1150.02, ROI 9.89%."
"Dominus, Napa Valley, Dominus Estate",Dominus Estate,Still Red,USA,Napa Valley,2009,12,Due In,NEXUS (LCB Dinton),In Bond,,9.89,1189.98,"Dominus, Napa Valley, Dominus Estate 2009 is a still red from Dominus Estate in Napa Valley, USA. ABV 13.50%. Holding 12 bottles (75cl) in stock. Current status: Due In. Stored at NEXUS (LCB Dinton), In Bond. Bought from L & W at £1082.9 per case. Current case value £1189.98, ROI 9.89%."
"Dominus, Napa Valley, Dominus Estate",Dominus Estate,Still Red,USA,Napa Valley,2009,6,Due In,NEXUS (LCB Dinton),In Bond,,9.89,1189.98,"Dominus, Napa Valley, Dominus Estate 2009 is a still red from Dominus Estate in Napa Valley, USA. ABV 13.50%. Holding 6 bottles (75cl) in stock. Current status: Due In. Stored at NEXUS (LCB Dinton), In Bond. Bought from C & B at £1082.9 per case. Current case value £1189.98, ROI 9.89%."
"Dominus, Napa Valley, Dominus Estate",Dominus Estate,Still Red,USA,Napa Valley,2010,12,Due In,NEXUS (LCB Dinton),In Bond,,9.89,1270.02,"Dominus, Napa Valley, Dominus Estate 2010 is a still red from Dominus Estate in Napa Valley, USA. ABV 14.50%. Holding 12 bottles (75cl) in stock. Current status: Due In. Stored at NEXUS (LCB Dinton), In Bond. Bought from L & W at £1155.7 per case. Current case value £1270.02, ROI 9.89%."
"Dominus, Napa Valley, Dominus Estate",Dominus Estate,Still Red,USA,Napa Valley,2010,6,Due In,NEXUS (LCB Dinton),In Bond,,9.89,1270.02,"Dominus, Napa Valley, Dominus Estate 2010 is a still red from Dominus Estate in Napa Valley, USA. ABV 14.50%. Holding 6 bottles (75cl) in stock. Current status: Due In. Stored at NEXUS (LCB Dinton), In Bond. Bought from C & B at £1155.7 per case. Current case value £1270.02, ROI 9.89%."
"Dominus, Napa Valley, Dominus Estate",Dominus Estate,Still Red,USA,Napa Valley,2011,6,Due In,NEXUS (LCB Dinton),In Bond,,9.62,798.00,"Dominus, Napa Valley, Dominus Estate 2011 is a still red from Dominus Estate in Napa Valley, USA. ABV 15.00%. Holding 6 bottles (75cl) in stock. Current status: Due In. Stored at NEXUS (LCB Dinton), In Bond. Bought from L & W at £728 per case. Current case value £798.00, ROI 9.62%."
"Dominus, Napa Valley, Dominus Estate",Dominus Estate,Still Red,USA,Napa Valley,2011,6,Due In,NEXUS (LCB Dinton),In Bond,,9.62,798.00,"Dominus, Napa Valley, Dominus Estate 2011 is a still red from Dominus Estate in Napa Valley, USA. ABV 15.00%. Holding 6 bottles (75cl) in stock. Current status: Due In. Stored at NEXUS (LCB Dinton), In Bond. Bought from C & B at £728 per case. Current case value £798.00, ROI 9.62%."
"Dominus, Napa Valley, Dominus Estate",Dominus Estate,Still Red,USA,Napa Valley,2012,12,Due In,NEXUS (LCB Dinton),In Bond,,22.62,1060.02,"Dominus, Napa Valley, Dominus Estate 2012 is a still red from Dominus Estate in Napa Valley, USA. ABV 15.00%. Holding 12 bottles (75cl) in stock. Current status: Due In. Stored at NEXUS (LCB Dinton), In Bond. Bought from L & W at £864.5 per case. Current case value £1060.02, ROI 22.62%."
"Dominus, Napa Valley, Dominus Estate",Dominus Estate,Still Red,USA,Napa Valley,2012,6,Due In,NEXUS (LCB Dinton),In Bond,,22.62,1060.02,"Dominus, Napa Valley, Dominus Estate 2012 is a still red from Dominus Estate in Napa Valley, USA. ABV 15.00%. Holding 6 bottles (75cl) in stock. Current status: Due In. Stored at NEXUS (LCB Dinton), In Bond. Bought from C & B at £864.5 per case. Current case value £1060.02, ROI 22.62%."
"Dominus, Napa Valley, Dominus Estate",Dominus Estate,Still Red,USA,Napa Valley,2013,6,Due In,NEXUS (LCB Dinton),In Bond,,9.89,1680.00,"Dominus, Napa Valley, Dominus Estate 2013 is a still red from Dominus Estate in Napa Valley, USA. ABV 15.00%. Holding 6 bottles (75cl) in stock. Current status: Due In. Stored at NEXUS (LCB Dinton), In Bond. Bought from L & W at £1528.8 per case. Current case value £1680.00, ROI 9.89%."
"Dominus, Napa Valley, Dominus Estate",Dominus Estate,Still Red,USA,Napa Valley,2013,12,Due In,NEXUS (LCB Dinton),In Bond,,9.89,1680.00,"Dominus, Napa Valley, Dominus Estate 2013 is a still red from Dominus Estate in Napa Valley, USA. ABV 15.00%. Holding 12 bottles (75cl) in stock. Current status: Due In. Stored at NEXUS (LCB Dinton), In Bond. Bought from C & B at £1528.8 per case. Current case value £1680.00, ROI 9.89%."
"Dominus, Napa Valley, Dominus Estate",Dominus Estate,Still Red,USA,Napa Valley,2014,6,Due In,NEXUS (LCB Dinton),In Bond,,16.76,850.02,"Dominus, Napa Valley, Dominus Estate 2014 is a still red from Dominus Estate in Napa Valley, USA. ABV 14.50%. Holding 6 bottles (75cl) in stock. Current status: Due In. Stored at NEXUS (LCB Dinton), In Bond. Bought from L & W at £728 per case. Current case value £850.02, ROI 16.76%."
"Dominus, Napa Valley, Dominus Estate",Dominus Estate,Still Red,USA,Napa Valley,2014,6,Due In,NEXUS (LCB Dinton),In Bond,,16.76,850.02,"Dominus, Napa Valley, Dominus Estate 2014 is a still red from Dominus Estate in Napa Valley, USA. ABV 14.50%. Holding 6 bottles (75cl) in stock. Current status: Due In. Stored at NEXUS (LCB Dinton), In Bond. Bought from C & B at £728 per case. Current case value £850.02, ROI 16.76%."
"Dominus, Napa Valley, Dominus Estate",Dominus Estate,Still Red,USA,Napa Valley,2015,6,Due In,NEXUS (LCB Dinton),In Bond,,1.19,1036.02,"Dominus, Napa Valley, Dominus Estate 2015 is a still red from Dominus Estate in Napa Valley, USA. ABV 14.50%. Holding 6 bottles (75cl) in stock. Current status: Due In. Stored at NEXUS (LCB Dinton), In Bond. Bought from L & W at £1023.8 per case. Current case value £1036.02, ROI 1.19%."
"Dominus, Napa Valley, Dominus Estate",Dominus Estate,Still Red,USA,Napa Valley,2015,6,Due In,NEXUS (LCB Dinton),In Bond,,1.19,1036.02,"Dominus, Napa Valley, Dominus Estate 2015 is a still red from Dominus Estate in Napa Valley, USA. ABV 14.50%. Holding 6 bottles (75cl) in stock. Current status: Due In. Stored at NEXUS (LCB Dinton), In Bond. Bought from C & B at £1023.8 per case. Current case value £1036.02, ROI 1.19%."
"Dominus, Napa Valley, Dominus Estate",Dominus Estate,Still Red,USA,Napa Valley,2016,6,In Stock,NEXUS (LCB Dinton),In Bond,,13.52,1099.98,"Dominus, Napa Valley, Dominus Estate 2016 is a still red from Dominus Estate in Napa Valley, USA. ABV 14.50%. Holding 6 bottles (75cl) in stock. Current status: In Stock. Stored at NEXUS (LCB Dinton), In Bond. Bought from Liv-ex at £969 per case. Current case value £1099.98, ROI 13.52%."
"Dominus, Napa Valley, Dominus Estate",Dominus Estate,Still Red,USA,Napa Valley,2016,6,Due In,NEXUS (LCB Dinton),In Bond,,15.12,1099.98,"Dominus, Napa Valley, Dominus Estate 2016 is a still red from Dominus Estate in Napa Valley, USA. ABV 14.50%. Holding 6 bottles (75cl) in stock. Current status: Due In. Stored at NEXUS (LCB Dinton), In Bond. Bought from L & W at £955.5 per case. Current case value £1099.98, ROI 15.12%."
"Dominus, Napa Valley, Dominus Estate",Dominus Estate,Still Red,USA,Napa Valley,2016,6,Due In,NEXUS (LCB Dinton),In Bond,,15.12,1099.98,"Dominus, Napa Valley, Dominus Estate 2016 is a still red from Dominus Estate in Napa Valley, USA. ABV 14.50%. Holding 6 bottles (75cl) in stock. Current status: Due In. Stored at NEXUS (LCB Dinton), In Bond. Bought from C & B at £955.5 per case. Current case value £1099.98, ROI 15.12%."
"Clos Mireille Rosé, Côtes de Provence, Dom Ott",Dom Ott,Still Rosé,France,Côtes de Provence,2025,6,Delivered,NEXUS (LCB Dinton),In Bond,,22.07,150.00,"Clos Mireille Rosé, Côtes de Provence, Dom Ott 2025 is a still rosé from Dom Ott in Côtes de Provence, France. ABV 13.50%. Holding 6 bottles (75cl) in stock. Current status: Delivered. Stored at NEXUS (LCB Dinton), In Bond. Bought from Maison Marques & Domaines at £122.88 per case. Current case value £150.00, ROI 22.07%."
"Clos Mireille Rosé, Côtes de Provence, Dom Ott",Dom Ott,Still Rosé,France,Côtes de Provence,2025,6,In Stock,NEXUS (LCB Dinton),In Bond,,22.07,150.00,"Clos Mireille Rosé, Côtes de Provence, Dom Ott 2025 is a still rosé from Dom Ott in Côtes de Provence, France. ABV 13.50%. Holding 6 bottles (75cl) in stock. Current status: In Stock. Stored at NEXUS (LCB Dinton), In Bond. Bought from Maison Marques & Domaines at £122.88 per case. Current case value £150.00, ROI 22.07%."
"Puligny-Montrachet Blanc, 1er Cru, Les Folatières Richarde, Benoit Ente",Benoit Ente,Still White,France,Puligny-Montrachet,2020,4,Due In,NEXUS (LCB Dinton),In Bond,,12.27,1684.02,"Puligny-Montrachet Blanc, 1er Cru, Les Folatières Richarde, Benoit Ente 2020 is a still white from Benoit Ente in Puligny-Montrachet, France. Holding 4 bottles (75cl) in stock. Current status: Due In. Stored at NEXUS (LCB Dinton), In Bond. Bought from Berkmann at £1500 per case. Current case value £1684.02, ROI 12.27%."
"Puligny-Montrachet Blanc, 1er Cru, Les Folatières Richarde, Benoit Ente",Benoit Ente,Still White,France,Puligny-Montrachet,2022,4,Due In,NEXUS (LCB Dinton),In Bond,,4.00,1560.00,"Puligny-Montrachet Blanc, 1er Cru, Les Folatières Richarde, Benoit Ente 2022 is a still white from Benoit Ente in Puligny-Montrachet, France. Holding 4 bottles (75cl) in stock. Current status: Due In. Stored at NEXUS (LCB Dinton), In Bond. Bought from Berkmann at £1500 per case. Current case value £1560.00, ROI 4.00%."
"Ch l'Evangile, Pomerol",Ch l'Evangile,Still Red,France,Pomerol,2009,6,Due In,NEXUS (LCB Dinton),In Bond,,17.92,1503.48,"Ch l'Evangile, Pomerol 2009 is a still red from Ch l'Evangile in Pomerol, France. ABV 13.00%. Holding 6 bottles (75cl) in stock. Current status: Due In. Stored at NEXUS (LCB Dinton), In Bond. Bought from L & W at £1275 per case. Current case value £1503.48, ROI 17.92%."
"Flaccianello della Pieve, Colli della Toscana Centrale, Fontodi",Fontodi,Still Red,Italy,Colli della Toscana Centrale,2020,12,In Stock,NEXUS (LCB Dinton),In Bond,,-29.09,390.00,"Flaccianello della Pieve, Colli della Toscana Centrale, Fontodi 2020 is a still red from Fontodi in Colli della Toscana Centrale, Italy. ABV 14.50%. Holding 12 bottles (75cl) in stock. Current status: In Stock. Stored at NEXUS (LCB Dinton), In Bond. Bought from Sterling Fine Wines at £550 per case. Current case value £390.00, ROI -29.09%."
"Ch de Beaucastel, Châteauneuf-du-Pape, Famille Perrin",Famille Perrin,Still Red,France,Châteauneuf-du-Pape,2016,6,In Stock,NEXUS (LCB Dinton),In Bond,,62.03,349.98,"Ch de Beaucastel, Châteauneuf-du-Pape, Famille Perrin 2016 is a still red from Famille Perrin in Châteauneuf-du-Pape, France. ABV 14.50%. Holding 6 bottles (75cl) in stock. Current status: In Stock. Stored at NEXUS (LCB Dinton), In Bond. Bought from Sterling Fine Wines at £216 per case. Current case value £349.98, ROI 62.03%."
"Barbaresco, Gaja",Gaja,Still Red,Italy,Barbaresco,2021,6,Delivered,NEXUS (LCB Dinton),In Bond,,-0.59,760.50,"Barbaresco, Gaja 2021 is a still red from Gaja in Barbaresco, Italy. ABV 14.00%. Holding 6 bottles (75cl) in stock. Current status: Delivered. Stored at NEXUS (LCB Dinton), In Bond. Bought from Hatch Mansfield at £765 per case. Current case value £760.50, ROI -0.59%."
"Barbaresco, Gaja",Gaja,Still Red,Italy,Barbaresco,2021,6,In Stock,NEXUS (LCB Dinton),In Bond,,-0.59,760.50,"Barbaresco, Gaja 2021 is a still red from Gaja in Barbaresco, Italy. ABV 14.00%. Holding 6 bottles (75cl) in stock. Current status: In Stock. Stored at NEXUS (LCB Dinton), In Bond. Bought from Hatch Mansfield at £765 per case. Current case value £760.50, ROI -0.59%."
"Barbaresco, Gaja",Gaja,Still Red,Italy,Barbaresco,2021,60,Delivered,NEXUS (LCB Dinton),In Bond,,-0.59,760.50,"Barbaresco, Gaja 2021 is a still red from Gaja in Barbaresco, Italy. ABV 14.00%. Holding 60 bottles (75cl) in stock. Current status: Delivered. Stored at NEXUS (LCB Dinton), In Bond. Bought from Hatch Mansfield at £765 per case. Current case value £760.50, ROI -0.59%."
"Gaia & Rey, Gaja",Gaja,Still White,Italy,Piedmont,2023,12,Delivered,NEXUS (LCB Dinton),In Bond,,0.00,835.02,"Gaia & Rey, Gaja 2023 is a still white from Gaja in Piedmont, Italy. ABV 13.00%. Holding 12 bottles (75cl) in stock. Current status: Delivered. Stored at NEXUS (LCB Dinton), In Bond. Bought from Hatch Mansfield at £835 per case. Current case value £835.02, ROI 0.00%."
"Gaia & Rey, Gaja",Gaja,Still White,Italy,Piedmont,2023,36,In Stock,NEXUS (LCB Dinton),In Bond,,0.00,835.02,"Gaia & Rey, Gaja 2023 is a still white from Gaja in Piedmont, Italy. ABV 13.00%. Holding 36 bottles (75cl) in stock. Current status: In Stock. Stored at NEXUS (LCB Dinton), In Bond. Bought from Hatch Mansfield at £835 per case. Current case value £835.02, ROI 0.00%."
"Guado al Tasso, Bolgheri, Guado al Tasso (Antinori)",Guado al Tasso (Antinori),Still Red,Italy,Bolgheri,2021,30,In Stock,NEXUS (LCB Dinton),In Bond,,13.52,469.98,"Guado al Tasso, Bolgheri, Guado al Tasso (Antinori) 2021 is a still red from Guado al Tasso (Antinori) in Bolgheri, Italy. ABV 14.50%. Holding 30 bottles (75cl) in stock. Current status: In Stock. Stored at NEXUS (LCB Dinton), In Bond. Bought from Berkmann at £414 per case. Current case value £469.98, ROI 13.52%."
"Harlan Estate, Napa Valley",Harlan Estate,Still Red,USA,Napa Valley,2002,5,Due In,NEXUS (LCB Dinton),In Bond,,68.68,1265.08,"Harlan Estate, Napa Valley 2002 is a still red from Harlan Estate in Napa Valley, USA. ABV 14.50%. Holding 5 bottles (75cl) in stock. Current status: Due In. Stored at NEXUS (LCB Dinton), In Bond. Bought from Sandeep Jaswal at £750 per case. Current case value £1265.08, ROI 68.68%."
"Harlan Estate, Napa Valley",Harlan Estate,Still Red,USA,Napa Valley,2003,5,Due In,NEXUS (LCB Dinton),In Bond,,56.62,783.08,"Harlan Estate, Napa Valley 2003 is a still red from Harlan Estate in Napa Valley, USA. ABV 14.50%. Holding 5 bottles (75cl) in stock. Current status: Due In. Stored at NEXUS (LCB Dinton), In Bond. Bought from Sandeep Jaswal at £500 per case. Current case value £783.08, ROI 56.62%."
"Harlan Estate, Napa Valley",Harlan Estate,Still Red,USA,Napa Valley,2004,6,Due In,NEXUS (LCB Dinton),In Bond,,11.67,725.83,"Harlan Estate, Napa Valley 2004 is a still red from Harlan Estate in Napa Valley, USA. ABV 14.50%. Holding 6 bottles (75cl) in stock. Current status: Due In. Stored at NEXUS (LCB Dinton), In Bond. Bought from Sandeep Jaswal at £650 per case. Current case value £725.83, ROI 11.67%."
"Kevin John Wilyabrup Chardonnay, Margaret River, Cullen",Cullen,Still White,Australia,Margaret River,2024,12,In Stock,NEXUS (LCB Dinton),In Bond,,0.00,360.00,"Kevin John Wilyabrup Chardonnay, Margaret River, Cullen 2024 is a still white from Cullen in Margaret River, Australia. ABV 13.50%. Holding 12 bottles (75cl) in stock. Current status: In Stock. Stored at NEXUS (LCB Dinton), In Bond. Bought from Liberty Wines at £360 per case. Current case value £360.00, ROI 0.00%."
"Chassagne-Montrachet Blanc, 1er Cru, Cailleret, Vincent et Sophie Morey",Vincent et Sophie Morey,Still White,France,Chassagne-Montrachet,2022,4,Due In,NEXUS (LCB Dinton),In Bond,,17.39,972.00,"Chassagne-Montrachet Blanc, 1er Cru, Cailleret, Vincent et Sophie Morey 2022 is a still white from Vincent et Sophie Morey in Chassagne-Montrachet, France. ABV 13.50%. Holding 4 bottles (75cl) in stock. Current status: Due In. Stored at NEXUS (LCB Dinton), In Bond. Bought from Berkmann at £828 per case. Current case value £972.00, ROI 17.39%."
"Chardonnay, Collezione Privata, Toscana, Isole e Olena",Isole e Olena,Still White,Italy,Toscana,2023,45,In Stock,NEXUS (LCB Dinton),In Bond,,29.62,174.99,"Chardonnay, Collezione Privata, Toscana, Isole e Olena 2023 is a still white from Isole e Olena in Toscana, Italy. ABV 14.50%. Holding 45 bottles (75cl) in stock. Current status: In Stock. Stored at NEXUS (LCB Dinton), In Bond. Bought from Liberty Wines at £135 per case. Current case value £174.99, ROI 29.62%."
"Meursault, La Rencontre, Bernard Bonin",Bernard Bonin,Still White,France,Meursault,2022,4,Due In,NEXUS (LCB Dinton),In Bond,,15.46,1336.98,"Meursault, La Rencontre, Bernard Bonin 2022 is a still white from Bernard Bonin in Meursault, France. ABV 12.00%. Holding 4 bottles (75cl) in stock. Current status: Due In. Stored at NEXUS (LCB Dinton), In Bond. Bought from Berkmann at £1158 per case. Current case value £1336.98, ROI 15.46%."
"Grande Cuvée, 173ème Edition, Krug",Krug,Sparkling White,France,Champagne,NonV,48,Delivered,NEXUS (LCB Dinton),In Bond,,0.03,850.02,"Grande Cuvée, 173ème Edition, Krug NonV is a sparkling white from Krug in Champagne, France. ABV 12.50%. Holding 48 bottles (75cl) in stock. Current status: Delivered. Stored at NEXUS (LCB Dinton), In Bond. Bought from Moët-Hennessy at £849.78 per case. Current case value £850.02, ROI 0.03%."
"Grande Cuvée, 173ème Edition, Krug",Krug,Sparkling White,France,Champagne,NonV,6,Delivered,NEXUS (LCB Dinton),In Bond,,8500100.00,850.02,"Grande Cuvée, 173ème Edition, Krug NonV is a sparkling white from Krug in Champagne, France. ABV 12.50%. Holding 6 bottles (75cl) in stock. Current status: Delivered. Stored at NEXUS (LCB Dinton), In Bond. Bought from Moët-Hennessy at £0.01 per case. Current case value £850.02, ROI 8500100.00%."
"Corton Charlemagne, Grand Cru, Le Moine (L)",Le Moine (L),Still White,France,Corton-Charlemagne,2023,4,Due In,NEXUS (LCB Dinton),In Bond,,18.91,1641.00,"Corton Charlemagne, Grand Cru, Le Moine (L) 2023 is a still white from Le Moine (L) in Corton-Charlemagne, France. ABV 14.00%. Holding 4 bottles (75cl) in stock. Current status: Due In. Stored at NEXUS (LCB Dinton), In Bond. Bought from Berkmann at £1380 per case. Current case value £1641.00, ROI 18.91%."
"Cristal, Louis Roederer",Louis Roederer,Sparkling White,France,Champagne,2005,18,Due In,NEXUS (LCB Dinton),In Bond,,22.21,1161.00,"Cristal, Louis Roederer 2005 is a sparkling white from Louis Roederer in Champagne, France. ABV 12.00%. Holding 18 bottles (75cl) in stock. Current status: Due In. Stored at NEXUS (LCB Dinton), In Bond. Bought from De Paolis Ltd at £950 per case. Current case value £1161.00, ROI 22.21%."
"Chateauneuf-du-Pape, La Grenade, M. Chapoutier",M. Chapoutier,Still Red,France,Chateauneuf-du-Pape,2023,18,In Stock,NEXUS (LCB Dinton),In Bond,,34.43,376.98,"Chateauneuf-du-Pape, La Grenade, M. Chapoutier 2023 is a still red from M. Chapoutier in Chateauneuf-du-Pape, France. ABV 14.00%. Holding 18 bottles (75cl) in stock. Current status: In Stock. Stored at NEXUS (LCB Dinton), In Bond. Bought from Hatch Mansfield at £280.43 per case. Current case value £376.98, ROI 34.43%."
"Highland Single Malt Double Cask 30YO Bottled 2021, Macallan",Macallan,Spirit,Scotland,Speyside,NonV,1,Due In,NEXUS (LCB Dinton),Duty Paid,,-14.18,3003.62,"Highland Single Malt Double Cask 30YO Bottled 2021, Macallan NonV is a spirit from Macallan in Speyside, Scotland. Holding 1 bottle (70cl) in stock. Current status: Due In. Stored at NEXUS (LCB Dinton), Duty Paid. Bought from Home (Collection) at £3500 per case. Current case value £3003.62, ROI -14.18%."
"Highland SIngle Malt Distil Your World London Limited Edition, Macallan",Macallan,Spirit,Scotland,Speyside,NonV,1,Due In,NEXUS (LCB Dinton),Duty Paid,,-16.67,6249.99,"Highland SIngle Malt Distil Your World London Limited Edition, Macallan NonV is a spirit from Macallan in Speyside, Scotland. Holding 1 bottle (70cl) in stock. Current status: Due In. Stored at NEXUS (LCB Dinton), Duty Paid. Bought from Home (Collection) at £7500 per case. Current case value £6249.99, ROI -16.67%."
"Highland Single Malt Oscuro The 1824 Collection, Macallan",Macallan,Spirit,Scotland,Speyside,NonV,1,Due In,NEXUS (LCB Dinton),Duty Paid,,66.25,1662.50,"Highland Single Malt Oscuro The 1824 Collection, Macallan NonV is a spirit from Macallan in Speyside, Scotland. Holding 1 bottle (70cl) in stock. Current status: Due In. Stored at NEXUS (LCB Dinton), Duty Paid. Bought from Home (Collection) at £1000 per case. Current case value £1662.50, ROI 66.25%."
"Highland Single Malt Colour Collection 21YO, Macallan",Macallan,Spirit,Scotland,Speyside,NonV,1,Due In,NEXUS (LCB Dinton),Duty Paid,,-27.08,875.00,"Highland Single Malt Colour Collection 21YO, Macallan NonV is a spirit from Macallan in Speyside, Scotland. ABV 43.00%. Holding 1 bottle (70cl) in stock. Current status: Due In. Stored at NEXUS (LCB Dinton), Duty Paid. Bought from Home (Collection) at £1200 per case. Current case value £875.00, ROI -27.08%."
"Highland Single Malt Terra, Macallan",Macallan,Spirit,Scotland,Speyside,NonV,1,Due In,NEXUS (LCB Dinton),Duty Paid,,-48.71,102.59,"Highland Single Malt Terra, Macallan NonV is a spirit from Macallan in Speyside, Scotland. ABV 43.80%. Holding 1 bottle (70cl) in stock. Current status: Due In. Stored at NEXUS (LCB Dinton), Duty Paid. Bought from Home (Collection) at £200 per case. Current case value £102.59, ROI -48.71%."
"Highland Single Malt James Bond 60th Anniversary Release Decade VI, Macallan",Macallan,Spirit,Scotland,Speyside,NonV,1,Due In,NEXUS (LCB Dinton),Duty Paid,,-35.00,649.99,"Highland Single Malt James Bond 60th Anniversary Release Decade VI, Macallan NonV is a spirit from Macallan in Speyside, Scotland. ABV 43.70%. Holding 1 bottle (70cl) in stock. Current status: Due In. Stored at NEXUS (LCB Dinton), Duty Paid. Bought from Home (Collection) at £1000 per case. Current case value £649.99, ROI -35.00%."
Dom Pérignon,Moët & Chandon,Sparkling White,France,Champagne,2017,6,Delivered,NEXUS (LCB Dinton),In Bond,,-1.83,750.00,"Dom Pérignon 2017 is a sparkling white from Moët & Chandon in Champagne, France. ABV 13.50%. Holding 6 bottles (75cl) in stock. Current status: Delivered. Stored at NEXUS (LCB Dinton), In Bond. Bought from Moët-Hennessy at £763.98 per case. Current case value £750.00, ROI -1.83%."
Dom Pérignon,Moët & Chandon,Sparkling White,France,Champagne,2017,204,In Stock,NEXUS (LCB Dinton),In Bond,,-1.83,750.00,"Dom Pérignon 2017 is a sparkling white from Moët & Chandon in Champagne, France. ABV 13.50%. Holding 204 bottles (75cl) in stock. Current status: In Stock. Stored at NEXUS (LCB Dinton), In Bond. Bought from Moët-Hennessy at £763.98 per case. Current case value £750.00, ROI -1.83%."
"Dom Pérignon, P2",Moët & Chandon,Sparkling White,France,Champagne,2008,27,Delivered,NEXUS (LCB Dinton),In Bond,,20.50,1049.25,"Dom Pérignon, P2 2008 is a sparkling white from Moët & Chandon in Champagne, France. ABV 13.00%. Holding 27 bottles (75cl) in stock. Current status: Delivered. Stored at NEXUS (LCB Dinton), In Bond. Bought from Moët-Hennessy at £870.78 per case. Current case value £1049.25, ROI 20.50%."
"Puligny-Montrachet, 1er Cru, Les Folatières, Monnot (Xavier)",Monnot (Xavier),Still White,France,Puligny-Montrachet,2022,8,Due In,NEXUS (LCB Dinton),In Bond,,-14.03,980.04,"Puligny-Montrachet, 1er Cru, Les Folatières, Monnot (Xavier) 2022 is a still white from Monnot (Xavier) in Puligny-Montrachet, France. ABV 13.50%. Holding 8 bottles (75cl) in stock. Current status: Due In. Stored at NEXUS (LCB Dinton), In Bond. Bought from Berkmann at £1140 per case. Current case value £980.04, ROI -14.03%."
"Il Pergole Torte, Toscana, Montevertine",Montevertine,Still Red,Italy,Toscana,2020,2,In Stock,NEXUS (LCB Dinton),In Bond,,25.73,377.20,"Il Pergole Torte, Toscana, Montevertine 2020 is a still red from Montevertine in Toscana, Italy. ABV 13.50%. Holding 2 bottles (150cl) in stock. Current status: In Stock. Stored at NEXUS (LCB Dinton), In Bond. Bought from Sterling Fine Wines at £300 per case. Current case value £377.20, ROI 25.73%."
"Chambertin, Grand Cru, Mortet (D)",Mortet (D),Still Red,France,Chambertin,2022,1,In Stock,NEXUS (LCB Dinton),In Bond,,178.86,2788.56,"Chambertin, Grand Cru, Mortet (D) 2022 is a still red from Mortet (D) in Chambertin, France. ABV 13.50%. Holding 1 bottle (150cl) in stock. Current status: In Stock. Stored at NEXUS (LCB Dinton), In Bond. Bought from Sterling Fine Wines at £1000 per case. Current case value £2788.56, ROI 178.86%."
"Clos de Vougeot, Grand Cru, Mortet (D)",Mortet (D),Still Red,France,Clos de Vougeot,2022,6,In Stock,NEXUS (LCB Dinton),In Bond,,66.00,2490.00,"Clos de Vougeot, Grand Cru, Mortet (D) 2022 is a still red from Mortet (D) in Clos de Vougeot, France. ABV 13.50%. Holding 6 bottles (75cl) in stock. Current status: In Stock. Stored at NEXUS (LCB Dinton), In Bond. Bought from Sterling Fine Wines at £1500 per case. Current case value £2490.00, ROI 66.00%."
Quinta do Noval Vintage,Quinta do Noval,Fortified Red,Portugal,Porto,2016,6,In Stock,NEXUS (LCB Dinton),In Bond,,-24.25,199.98,"Quinta do Noval Vintage 2016 is a fortified red from Quinta do Noval in Porto, Portugal. ABV 19.00%. Holding 6 bottles (75cl) in stock. Current status: In Stock. Stored at NEXUS (LCB Dinton), In Bond. Bought from Sterling Fine Wines at £264 per case. Current case value £199.98, ROI -24.25%."
"Puligny-Montrachet, Les Enseignères, Camille & Guillaume Boillot",Camille & Guillaume Boillot,Still White,France,Puligny-Montrachet,2023,4,Due In,NEXUS (LCB Dinton),In Bond,,-17.32,570.48,"Puligny-Montrachet, Les Enseignères, Camille & Guillaume Boillot 2023 is a still white from Camille & Guillaume Boillot in Puligny-Montrachet, France. Holding 4 bottles (75cl) in stock. Current status: Due In. Stored at NEXUS (LCB Dinton), In Bond. Bought from Berkmann at £690 per case. Current case value £570.48, ROI -17.32%."
"Meursault, 1er Cru, Les Charmes, Camille & Guillaume Boillot",Camille & Guillaume Boillot,Still White,France,Meursault,2023,4,Due In,NEXUS (LCB Dinton),In Bond,,-9.39,1027.50,"Meursault, 1er Cru, Les Charmes, Camille & Guillaume Boillot 2023 is a still white from Camille & Guillaume Boillot in Meursault, France. Holding 4 bottles (75cl) in stock. Current status: Due In. Stored at NEXUS (LCB Dinton), In Bond. Bought from Berkmann at £1134 per case. Current case value £1027.50, ROI -9.39%."
"Ott (Romassan), Rose, Bandol",Ott (Romassan),Still Rosé,France,Bandol,2025,6,Delivered,NEXUS (LCB Dinton),In Bond,,5.99,129.48,"Ott (Romassan), Rose, Bandol 2025 is a still rosé from Ott (Romassan) in Bandol, France. ABV 13.50%. Holding 6 bottles (75cl) in stock. Current status: Delivered. Stored at NEXUS (LCB Dinton), In Bond. Bought from Maison Marques & Domaines at £122.16 per case. Current case value £129.48, ROI 5.99%."
"Ott (Romassan), Rose, Bandol",Ott (Romassan),Still Rosé,France,Bandol,2025,6,In Stock,NEXUS (LCB Dinton),In Bond,,5.99,129.48,"Ott (Romassan), Rose, Bandol 2025 is a still rosé from Ott (Romassan) in Bandol, France. ABV 13.50%. Holding 6 bottles (75cl) in stock. Current status: In Stock. Stored at NEXUS (LCB Dinton), In Bond. Bought from Maison Marques & Domaines at £122.16 per case. Current case value £129.48, ROI 5.99%."
"Ch Pétrus, Pomerol",Ch Pétrus,Still Red,France,Pomerol,2016,2,Delivered,NEXUS (LCB Dinton),In Bond,,7.55,5700.00,"Ch Pétrus, Pomerol 2016 is a still red from Ch Pétrus in Pomerol, France. ABV 13.00%. Holding 2 bottles (75cl) in stock. Current status: Delivered. Stored at NEXUS (LCB Dinton), In Bond. Bought from Maison Marques & Domaines at £5300 per case. Current case value £5700.00, ROI 7.55%."
"Ch Pétrus, Pomerol",Ch Pétrus,Still Red,France,Pomerol,2017,6,Delivered,NEXUS (LCB Dinton),In Bond,,-0.90,3666.66,"Ch Pétrus, Pomerol 2017 is a still red from Ch Pétrus in Pomerol, France. ABV 15.00%. Holding 6 bottles (75cl) in stock. Current status: Delivered. Stored at NEXUS (LCB Dinton), In Bond. Bought from Maison Marques & Domaines at £3700 per case. Current case value £3666.66, ROI -0.90%."
"Ch Pétrus, Pomerol",Ch Pétrus,Still Red,France,Pomerol,2017,2,In Stock,NEXUS (LCB Dinton),In Bond,,-0.90,3666.66,"Ch Pétrus, Pomerol 2017 is a still red from Ch Pétrus in Pomerol, France. ABV 15.00%. Holding 2 bottles (75cl) in stock. Current status: In Stock. Stored at NEXUS (LCB Dinton), In Bond. Bought from Maison Marques & Domaines at £3700 per case. Current case value £3666.66, ROI -0.90%."
"Ch Pétrus, Pomerol",Ch Pétrus,Still Red,France,Pomerol,2018,10,Due In,NEXUS (LCB Dinton),In Bond,,18.37,5800.00,"Ch Pétrus, Pomerol 2018 is a still red from Ch Pétrus in Pomerol, France. ABV 13.50%. Holding 10 bottles (75cl) in stock. Current status: Due In. Stored at NEXUS (LCB Dinton), In Bond. Bought from Maison Marques & Domaines at £4900 per case. Current case value £5800.00, ROI 18.37%."
"Montiano, Cotarella",Cotarella,Still Red,Italy,Lazio,2021,90,In Stock,NEXUS (LCB Dinton),In Bond,,34.21,310.02,"Montiano, Cotarella 2021 is a still red from Cotarella in Lazio, Italy. ABV 14.50%. Holding 90 bottles (75cl) in stock. Current status: In Stock. Stored at NEXUS (LCB Dinton), In Bond. Bought from Berkmann at £231 per case. Current case value £310.02, ROI 34.21%."
"SeaBed Chardonnay, Sonoma Coast, Radio-Côteau",Radio-Côteau,Still White,USA,Sonoma Coast,2022,6,Due In,NEXUS (LCB Dinton),In Bond,,0.00,618.60,"SeaBed Chardonnay, Sonoma Coast, Radio-Côteau 2022 is a still white from Radio-Côteau in Sonoma Coast, USA. Holding 6 bottles (75cl) in stock. Current status: Due In. Stored at NEXUS (LCB Dinton), In Bond. Bought from Berkmann at £618.6 per case. Current case value £618.60, ROI 0.00%."
"Châteauneuf-du-Pape, Ch Rayas",Ch Rayas,Still Red,France,Chateauneuf-du-Pape,2012,6,In Stock,NEXUS (LCB Dinton),In Bond,,47.06,7500.00,"Châteauneuf-du-Pape, Ch Rayas 2012 is a still red from Ch Rayas in Chateauneuf-du-Pape, France. ABV 15.00%. Holding 6 bottles (75cl) in stock. Current status: In Stock. Stored at NEXUS (LCB Dinton), In Bond. Bought from Liv-ex at £5100 per case. Current case value £7500.00, ROI 47.06%."
"Monte Bello, Santa Cruz Mountains, Ridge Vineyards",Ridge Vineyards,Still Red,USA,Santa Cruz Mountains,2020,15,Delivered,NEXUS (LCB Dinton),In Bond,,37.26,350.01,"Monte Bello, Santa Cruz Mountains, Ridge Vineyards 2020 is a still red from Ridge Vineyards in Santa Cruz Mountains, USA. ABV 13.50%. Holding 15 bottles (75cl) in stock. Current status: Delivered. Stored at NEXUS (LCB Dinton), In Bond. Bought from Berkmann at £255 per case. Current case value £350.01, ROI 37.26%."
"Monte Bello, Santa Cruz Mountains, Ridge Vineyards",Ridge Vineyards,Still Red,USA,Santa Cruz Mountains,2020,6,In Stock,NEXUS (LCB Dinton),In Bond,,37.26,350.01,"Monte Bello, Santa Cruz Mountains, Ridge Vineyards 2020 is a still red from Ridge Vineyards in Santa Cruz Mountains, USA. ABV 13.50%. Holding 6 bottles (75cl) in stock. Current status: In Stock. Stored at NEXUS (LCB Dinton), In Bond. Bought from Berkmann at £255 per case. Current case value £350.01, ROI 37.26%."
"Monte Bello, Santa Cruz Mountains, Ridge Vineyards",Ridge Vineyards,Still Red,USA,Santa Cruz Mountains,2020,3,In Stock,NEXUS (LCB Dinton),In Bond,,37.26,350.01,"Monte Bello, Santa Cruz Mountains, Ridge Vineyards 2020 is a still red from Ridge Vineyards in Santa Cruz Mountains, USA. ABV 13.50%. Holding 3 bottles (75cl) in stock. Current status: In Stock. Stored at NEXUS (LCB Dinton), In Bond. Bought from Berkmann at £255 per case. Current case value £350.01, ROI 37.26%."
"Monte Bello, Santa Cruz Mountains, Ridge Vineyards",Ridge Vineyards,Still Red,USA,Santa Cruz Mountains,2021,6,In Stock,NEXUS (LCB Dinton),In Bond,,20.78,500.01,"Monte Bello, Santa Cruz Mountains, Ridge Vineyards 2021 is a still red from Ridge Vineyards in Santa Cruz Mountains, USA. ABV 13.50%. Holding 6 bottles (75cl) in stock. Current status: In Stock. Stored at NEXUS (LCB Dinton), In Bond. Bought from Berkmann at £414 per case. Current case value £500.01, ROI 20.78%."
"Monte Bello, Santa Cruz Mountains, Ridge Vineyards",Ridge Vineyards,Still Red,USA,Santa Cruz Mountains,2021,3,In Stock,NEXUS (LCB Dinton),In Bond,,20.78,500.01,"Monte Bello, Santa Cruz Mountains, Ridge Vineyards 2021 is a still red from Ridge Vineyards in Santa Cruz Mountains, USA. ABV 13.50%. Holding 3 bottles (75cl) in stock. Current status: In Stock. Stored at NEXUS (LCB Dinton), In Bond. Bought from Berkmann at £414 per case. Current case value £500.01, ROI 20.78%."
"Monte Bello Chardonnay, Santa Cruz Mountains, Ridge Vineyards",Ridge Vineyards,Still White,USA,Santa Cruz Mountains,2020,6,Due In,NEXUS (LCB Dinton),In Bond,,19.58,545.52,"Monte Bello Chardonnay, Santa Cruz Mountains, Ridge Vineyards 2020 is a still white from Ridge Vineyards in Santa Cruz Mountains, USA. ABV 14.00%. Holding 6 bottles (75cl) in stock. Current status: Due In. Stored at NEXUS (LCB Dinton), In Bond. Bought from Berkmann at £456.18 per case. Current case value £545.52, ROI 19.58%."
"Karia, Napa Valley, Stag's Leap Wine Cellars",Stag's Leap Wine Cellars,Still White,USA,Napa Valley,2023,4,Due In,NEXUS (LCB Dinton),In Bond,,-37.72,134.52,"Karia, Napa Valley, Stag's Leap Wine Cellars 2023 is a still white from Stag's Leap Wine Cellars in Napa Valley, USA. Holding 4 bottles (75cl) in stock. Current status: Due In. Stored at NEXUS (LCB Dinton), In Bond. Bought from Berkmann at £216 per case. Current case value £134.52, ROI -37.72%."
"Taittinger Blanc de Blancs, Comtes de Champagne, Grand Cru",Taittinger,Sparkling White,France,Champagne,2014,6,Delivered,NEXUS (LCB Dinton),In Bond,,13.64,561.00,"Taittinger Blanc de Blancs, Comtes de Champagne, Grand Cru 2014 is a sparkling white from Taittinger in Champagne, France. ABV 12.50%. Holding 6 bottles (75cl) in stock. Current status: Delivered. Stored at NEXUS (LCB Dinton), In Bond. Bought from Hatch Mansfield at £493.68 per case. Current case value £561.00, ROI 13.64%."
"Masseto, Toscana, Tenuta dell' Ornellaia",Tenuta dell' Ornellaia,Still Red,Italy,Toscana,2015,3,Due In,NEXUS (LCB Dinton),In Bond,,10.43,1987.74,"Masseto, Toscana, Tenuta dell' Ornellaia 2015 is a still red from Tenuta dell' Ornellaia in Toscana, Italy. ABV 13.00%. Holding 3 bottles (75cl) in stock. Current status: Due In. Stored at NEXUS (LCB Dinton), In Bond. Bought from L & W at £1800 per case. Current case value £1987.74, ROI 10.43%."
"Vega Sicilia, Unico",Vega Sicilia,Still Red,Spain,Ribera del Duero,2011,15,Delivered,NEXUS (LCB Dinton),In Bond,,26.03,690.00,"Vega Sicilia, Unico 2011 is a still red from Vega Sicilia in Ribera del Duero, Spain. ABV 14.00%. Holding 15 bottles (75cl) in stock. Current status: Delivered. Stored at NEXUS (LCB Dinton), In Bond. Bought from Berkmann at £547.5 per case. Current case value £690.00, ROI 26.03%."
"Vega Sicilia, Unico",Vega Sicilia,Still Red,Spain,Ribera del Duero,2012,15,Delivered,NEXUS (LCB Dinton),In Bond,,14.48,680.01,"Vega Sicilia, Unico 2012 is a still red from Vega Sicilia in Ribera del Duero, Spain. ABV 14.00%. Holding 15 bottles (75cl) in stock. Current status: Delivered. Stored at NEXUS (LCB Dinton), In Bond. Bought from Berkmann at £594 per case. Current case value £680.01, ROI 14.48%."
"Vega Sicilia, Unico",Vega Sicilia,Still Red,Spain,Ribera del Duero,2012,3,In Stock,NEXUS (LCB Dinton),In Bond,,14.48,680.01,"Vega Sicilia, Unico 2012 is a still red from Vega Sicilia in Ribera del Duero, Spain. ABV 14.00%. Holding 3 bottles (75cl) in stock. Current status: In Stock. Stored at NEXUS (LCB Dinton), In Bond. Bought from Berkmann at £594 per case. Current case value £680.01, ROI 14.48%."
"Vega Sicilia, Unico",Vega Sicilia,Still Red,Spain,Ribera del Duero,2013,15,Delivered,NEXUS (LCB Dinton),In Bond,,19.34,716.01,"Vega Sicilia, Unico 2013 is a still red from Vega Sicilia in Ribera del Duero, Spain. ABV 14.50%. Holding 15 bottles (75cl) in stock. Current status: Delivered. Stored at NEXUS (LCB Dinton), In Bond. Bought from Berkmann at £600 per case. Current case value £716.01, ROI 19.34%."
"Vega Sicilia, Unico",Vega Sicilia,Still Red,Spain,Ribera del Duero,2014,15,Delivered,NEXUS (LCB Dinton),In Bond,,23.34,740.01,"Vega Sicilia, Unico 2014 is a still red from Vega Sicilia in Ribera del Duero, Spain. ABV 14.00%. Holding 15 bottles (75cl) in stock. Current status: Delivered. Stored at NEXUS (LCB Dinton), In Bond. Bought from Berkmann at £600 per case. Current case value £740.01, ROI 23.34%."
"Vega Sicilia, Unico",Vega Sicilia,Still Red,Spain,Ribera del Duero,2014,6,In Stock,NEXUS (LCB Dinton),In Bond,,23.34,740.01,"Vega Sicilia, Unico 2014 is a still red from Vega Sicilia in Ribera del Duero, Spain. ABV 14.00%. Holding 6 bottles (75cl) in stock. Current status: In Stock. Stored at NEXUS (LCB Dinton), In Bond. Bought from Berkmann at £600 per case. Current case value £740.01, ROI 23.34%."
"By Ott, Côtes de Provence, Ott",Ott,Still Rosé,France,Côtes de Provence,2025,6,Delivered,NEXUS (LCB Dinton),In Bond,,6.09,70.02,"By Ott, Côtes de Provence, Ott 2025 is a still rosé from Ott in Côtes de Provence, France. ABV 13.50%. Holding 6 bottles (75cl) in stock. Current status: Delivered. Stored at NEXUS (LCB Dinton), In Bond. Bought from Maison Marques & Domaines at £66 per case. Current case value £70.02, ROI 6.09%."
"By Ott, Côtes de Provence, Ott",Ott,Still Rosé,France,Côtes de Provence,2025,6,In Stock,NEXUS (LCB Dinton),In Bond,,6.09,70.02,"By Ott, Côtes de Provence, Ott 2025 is a still rosé from Ott in Côtes de Provence, France. ABV 13.50%. Holding 6 bottles (75cl) in stock. Current status: In Stock. Stored at NEXUS (LCB Dinton), In Bond. Bought from Maison Marques & Domaines at £66 per case. Current case value £70.02, ROI 6.09%."
"32 Year Old - Union of the Crowns, Royal Suite",Royal Suite,Spirit,Scotland,Speyside,NonV,1,Due In,NEXUS (LCB Dinton),Duty Paid,,0.00,800.00,"32 Year Old - Union of the Crowns, Royal Suite NonV is a spirit from Royal Suite in Speyside, Scotland. Holding 1 bottle (70cl) in stock. Current status: Due In. Stored at NEXUS (LCB Dinton), Duty Paid. Bought from Home (Collection) at £800 per case. Current case value £800.00, ROI 0.00%."
"AIX Rosé, Coteaux d'Aix-en-Provence, Saint Aix",Saint Aix,Still Rosé,France,Coteaux d'Aix-en-Provence,2024,2,Delivered,NEXUS (LCB Dinton),In Bond,,0.00,52.00,"AIX Rosé, Coteaux d'Aix-en-Provence, Saint Aix 2024 is a still rosé from Saint Aix in Coteaux d'Aix-en-Provence, France. ABV 12.50%. Holding 2 bottles (300cl) in stock. Current status: Delivered. Stored at NEXUS (LCB Dinton), In Bond. Bought from Liberty Wines at £52 per case. Current case value £52.00, ROI 0.00%."
